state,district,market,commodityGroup,commodity,variety,grade,arrivalDate,minPrice,maxPrice,modalPrice,arrivalQuantity,unit
Gujarat,Anand,Anand,Cereals,Bajra,Hybrid,FAQ,2026-08-01,1835,1981,1902,192,Rs./Quintal
Gujarat,Anand,Borsad,Cereals,Bajra,Hybrid,FAQ,2026-08-01,1854,1954,1885,145,Rs./Quintal
Gujarat,Anand,Borsad,Cereals,Maize,Yellow,FAQ,2026-08-01,1764,1927,1826,624,Rs./Quintal
Gujarat,Anand,Borsad,Cereals,Jowar,White,FAQ,2026-08-01,2583,2789,2700,479,Rs./Quintal
Gujarat,Ahmedabad,Ahmedabad,Cereals,Wheat,Dara,FAQ,2026-08-01,2175,2335,2235,827,Rs./Quintal
Gujarat,Ahmedabad,Ahmedabad,Cereals,Jowar,White,FAQ,2026-08-01,2519,2727,2624,154,Rs./Quintal
Gujarat,Ahmedabad,Dholka,Cereals,Wheat,Dara,FAQ,2026-08-01,2112,2345,2230,668,Rs./Quintal
Gujarat,Ahmedabad,Dholka,Cereals,Bajra,Hybrid,FAQ,2026-08-01,1805,2043,1933,599,Rs./Quintal
Gujarat,Ahmedabad,Dholka,Cereals,Maize,Yellow,FAQ,2026-08-01,1748,1860,1819,350,Rs./Quintal
Gujarat,Rajkot,Rajkot,Cereals,Maize,Yellow,FAQ,2026-08-01,1790,1858,1806,727,Rs./Quintal
Gujarat,Rajkot,Rajkot,Cereals,Jowar,White,FAQ,2026-08-01,2537,2710,2617,153,Rs./Quintal
Gujarat,Rajkot,Gondal,Cereals,Wheat,Dara,FAQ,2026-08-01,2158,2381,2272,216,Rs./Quintal
Gujarat,Rajkot,Gondal,Cereals,Bajra,Hybrid,FAQ,2026-08-01,1826,2035,1927,768,Rs./Quintal
Gujarat,Surat,Surat,Cereals,Bajra,Hybrid,FAQ,2026-08-01,1893,1981,1927,523,Rs./Quintal
Gujarat,Surat,Surat,Cereals,Maize,Yellow,FAQ,2026-08-01,1781,1938,1874,274,Rs./Quintal
Gujarat,Vadodara,Vadodara,Cereals,Maize,Yellow,FAQ,2026-08-01,1704,1890,1802,324,Rs./Quintal
Gujarat,Vadodara,Vadodara,Cereals,Jowar,White,FAQ,2026-08-01,2572,2791,2681,267,Rs./Quintal
Gujarat,Anand,Anand,Cereals,Bajra,Hybrid,FAQ,2026-08-02,1882,2008,1934,321,Rs./Quintal
Gujarat,Anand,Anand,Cereals,Maize,Yellow,FAQ,2026-08-02,1795,1921,1872,319,Rs./Quintal
Gujarat,Anand,Borsad,Cereals,Wheat,Dara,FAQ,2026-08-02,2174,2351,2265,274,Rs./Quintal
Gujarat,Anand,Borsad,Cereals,Maize,Yellow,FAQ,2026-08-02,1763,1861,1795,162,Rs./Quintal
Gujarat,Anand,Borsad,Cereals,Jowar,White,FAQ,2026-08-02,2520,2787,2660,660,Rs./Quintal
Gujarat,Ahmedabad,Ahmedabad,Cereals,Wheat,Dara,FAQ,2026-08-02,2148,2376,2271,591,Rs./Quintal
Gujarat,Ahmedabad,Ahmedabad,Cereals,Bajra,Hybrid,FAQ,2026-08-02,1870,1951,1897,748,Rs./Quintal
Gujarat,Ahmedabad,Dholka,Cereals,Bajra,Hybrid,FAQ,2026-08-02,1837,2005,1911,514,Rs./Quintal
Gujarat,Ahmedabad,Dholka,Cereals,Maize,Yellow,FAQ,2026-08-02,1792,1942,1863,562,Rs./Quintal
Gujarat,Rajkot,Rajkot,Cereals,Wheat,Dara,FAQ,2026-08-02,2113,2380,2245,704,Rs./Quintal
Gujarat,Rajkot,Rajkot,Cereals,Bajra,Hybrid,FAQ,2026-08-02,1825,1969,1900,830,Rs./Quintal
Gujarat,Rajkot,Rajkot,Cereals,Maize,Yellow,FAQ,2026-08-02,1799,1917,1838,663,Rs./Quintal
Gujarat,Rajkot,Rajkot,Cereals,Jowar,White,FAQ,2026-08-02,2502,2714,2611,876,Rs./Quintal
Gujarat,Rajkot,Gondal,Cereals,Wheat,Dara,FAQ,2026-08-02,2107,2330,2234,130,Rs./Quintal
Gujarat,Rajkot,Gondal,Cereals,Bajra,Hybrid,FAQ,2026-08-02,1862,1958,1924,834,Rs./Quintal
Gujarat,Rajkot,Gondal,Cereals,Maize,Yellow,FAQ,2026-08-02,1784,1910,1862,219,Rs./Quintal
Gujarat,Rajkot,Gondal,Cereals,Jowar,White,FAQ,2026-08-02,2577,2754,2658,602,Rs./Quintal
Gujarat,Surat,Surat,Cereals,Jowar,White,FAQ,2026-08-02,2585,2783,2687,498,Rs./Quintal
Gujarat,Vadodara,Vadodara,Cereals,Bajra,Hybrid,FAQ,2026-08-02,1831,1978,1888,396,Rs./Quintal
Gujarat,Vadodara,Vadodara,Cereals,Maize,Yellow,FAQ,2026-08-02,1770,1879,1841,275,Rs./Quintal
Gujarat,Vadodara,Vadodara,Cereals,Jowar,White,FAQ,2026-08-02,2590,2780,2668,284,Rs./Quintal
Gujarat,Anand,Anand,Cereals,Wheat,Dara,FAQ,2026-08-03,2104,2342,2207,576,Rs./Quintal
Gujarat,Anand,Anand,Cereals,Bajra,Hybrid,FAQ,2026-08-03,1885,2012,1941,602,Rs./Quintal
Gujarat,Anand,Anand,Cereals,Maize,Yellow,FAQ,2026-08-03,1773,1923,1858,298,Rs./Quintal
Gujarat,Anand,Borsad,Cereals,Bajra,Hybrid,FAQ,2026-08-03,1812,2034,1930,412,Rs./Quintal
Gujarat,Anand,Borsad,Cereals,Maize,Yellow,FAQ,2026-08-03,1759,1943,1834,739,Rs./Quintal
Gujarat,Ahmedabad,Ahmedabad,Cereals,Bajra,Hybrid,FAQ,2026-08-03,1893,1993,1929,304,Rs./Quintal
Gujarat,Ahmedabad,Ahmedabad,Cereals,Maize,Yellow,FAQ,2026-08-03,1768,1907,1825,482,Rs./Quintal
Gujarat,Ahmedabad,Ahmedabad,Cereals,Jowar,White,FAQ,2026-08-03,2559,2731,2629,503,Rs./Quintal
Gujarat,Ahmedabad,Dholka,Cereals,Maize,Yellow,FAQ,2026-08-03,1783,1919,1831,145,Rs./Quintal
Gujarat,Rajkot,Rajkot,Cereals,Bajra,Hybrid,FAQ,2026-08-03,1862,2011,1929,460,Rs./Quintal
Gujarat,Rajkot,Rajkot,Cereals,Jowar,White,FAQ,2026-08-03,2500,2749,2620,852,Rs./Quintal
Gujarat,Rajkot,Gondal,Cereals,Bajra,Hybrid,FAQ,2026-08-03,1889,2043,1981,727,Rs./Quintal
Gujarat,Rajkot,Gondal,Cereals,Jowar,White,FAQ,2026-08-03,2537,2727,2615,643,Rs./Quintal
Gujarat,Surat,Surat,Cereals,Bajra,Hybrid,FAQ,2026-08-03,1840,1957,1881,648,Rs./Quintal
Gujarat,Surat,Surat,Cereals,Maize,Yellow,FAQ,2026-08-03,1767,1870,1801,570,Rs./Quintal
Gujarat,Surat,Surat,Cereals,Jowar,White,FAQ,2026-08-03,2523,2708,2633,119,Rs./Quintal
Gujarat,Vadodara,Vadodara,Cereals,Bajra,Hybrid,FAQ,2026-08-03,1815,2022,1913,642,Rs./Quintal
Gujarat,Vadodara,Vadodara,Cereals,Maize,Yellow,FAQ,2026-08-03,1779,1860,1825,723,Rs./Quintal
Gujarat,Vadodara,Vadodara,Cereals,Jowar,White,FAQ,2026-08-03,2566,2740,2649,259,Rs./Quintal
Gujarat,Anand,Anand,Cereals,Bajra,Hybrid,FAQ,2026-08-04,1833,2000,1904,737,Rs./Quintal
Gujarat,Anand,Anand,Cereals,Jowar,White,FAQ,2026-08-04,2596,2709,2632,519,Rs./Quintal
Gujarat,Anand,Borsad,Cereals,Bajra,Hybrid,FAQ,2026-08-04,1812,1959,1899,268,Rs./Quintal
Gujarat,Anand,Borsad,Cereals,Maize,Yellow,FAQ,2026-08-04,1716,1894,1789,300,Rs./Quintal
Gujarat,Anand,Borsad,Cereals,Jowar,White,FAQ,2026-08-04,2520,2756,2652,770,Rs./Quintal
Gujarat,Ahmedabad,Ahmedabad,Cereals,Wheat,Dara,FAQ,2026-08-04,2183,2367,2255,733,Rs./Quintal
Gujarat,Ahmedabad,Ahmedabad,Cereals,Maize,Yellow,FAQ,2026-08-04,1784,1863,1811,320,Rs./Quintal
Gujarat,Ahmedabad,Ahmedabad,Cereals,Jowar,White,FAQ,2026-08-04,2513,2795,2669,209,Rs./Quintal
Gujarat,Ahmedabad,Dholka,Cereals,Wheat,Dara,FAQ,2026-08-04,2177,2326,2252,258,Rs./Quintal
Gujarat,Ahmedabad,Dholka,Cereals,Jowar,White,FAQ,2026-08-04,2532,2706,2604,699,Rs./Quintal
Gujarat,Rajkot,Rajkot,Cereals,Wheat,Dara,FAQ,2026-08-04,2135,2305,2200,391,Rs./Quintal
Gujarat,Rajkot,Rajkot,Cereals,Jowar,White,FAQ,2026-08-04,2594,2756,2690,772,Rs./Quintal
Gujarat,Rajkot,Gondal,Cereals,Wheat,Dara,FAQ,2026-08-04,2101,2314,2191,757,Rs./Quintal
Gujarat,Rajkot,Gondal,Cereals,Maize,Yellow,FAQ,2026-08-04,1747,1924,1850,201,Rs./Quintal
Gujarat,Rajkot,Gondal,Cereals,Jowar,White,FAQ,2026-08-04,2505,2739,2625,865,Rs./Quintal
Gujarat,Surat,Surat,Cereals,Bajra,Hybrid,FAQ,2026-08-04,1845,1976,1905,732,Rs./Quintal
Gujarat,Surat,Surat,Cereals,Maize,Yellow,FAQ,2026-08-04,1799,1921,1866,685,Rs./Quintal
Gujarat,Vadodara,Vadodara,Cereals,Bajra,Hybrid,FAQ,2026-08-04,1820,1972,1902,75,Rs./Quintal
Gujarat,Vadodara,Vadodara,Cereals,Maize,Yellow,FAQ,2026-08-04,1742,1950,1852,871,Rs./Quintal
Gujarat,Anand,Anand,Cereals,Bajra,Hybrid,FAQ,2026-08-05,1820,2050,1921,441,Rs./Quintal
Gujarat,Anand,Borsad,Cereals,Wheat,Dara,FAQ,2026-08-05,2158,2344,2250,890,Rs./Quintal
Gujarat,Anand,Borsad,Cereals,Maize,Yellow,FAQ,2026-08-05,1703,1934,1810,458,Rs./Quintal
Gujarat,Anand,Borsad,Cereals,Jowar,White,FAQ,2026-08-05,2508,2798,2650,409,Rs./Quintal
Gujarat,Ahmedabad,Ahmedabad,Cereals,Bajra,Hybrid,FAQ,2026-08-05,1868,1992,1911,168,Rs./Quintal
Gujarat,Ahmedabad,Ahmedabad,Cereals,Jowar,White,FAQ,2026-08-05,2574,2733,2635,161,Rs./Quintal
Gujarat,Ahmedabad,Dholka,Cereals,Wheat,Dara,FAQ,2026-08-05,2144,2393,2268,496,Rs./Quintal
Gujarat,Ahmedabad,Dholka,Cereals,Maize,Yellow,FAQ,2026-08-05,1749,1923,1828,310,Rs./Quintal
Gujarat,Ahmedabad,Dholka,Cereals,Jowar,White,FAQ,2026-08-05,2555,2700,2640,875,Rs./Quintal
Gujarat,Rajkot,Rajkot,Cereals,Wheat,Dara,FAQ,2026-08-05,2192,2394,2285,422,Rs./Quintal
Gujarat,Rajkot,Rajkot,Cereals,Bajra,Hybrid,FAQ,2026-08-05,1885,1992,1957,371,Rs./Quintal
Gujarat,Rajkot,Rajkot,Cereals,Jowar,White,FAQ,2026-08-05,2538,2764,2650,732,Rs./Quintal
Gujarat,Rajkot,Gondal,Cereals,Wheat,Dara,FAQ,2026-08-05,2151,2389,2268,617,Rs./Quintal
Gujarat,Rajkot,Gondal,Cereals,Bajra,Hybrid,FAQ,2026-08-05,1853,2035,1948,743,Rs./Quintal
Gujarat,Rajkot,Gondal,Cereals,Jowar,White,FAQ,2026-08-05,2572,2738,2660,611,Rs./Quintal
Gujarat,Surat,Surat,Cereals,Bajra,Hybrid,FAQ,2026-08-05,1826,2005,1932,671,Rs./Quintal
Gujarat,Surat,Surat,Cereals,Jowar,White,FAQ,2026-08-05,2556,2786,2664,573,Rs./Quintal
Gujarat,Vadodara,Vadodara,Cereals,Wheat,Dara,FAQ,2026-08-05,2194,2321,2242,340,Rs./Quintal
Gujarat,Vadodara,Vadodara,Cereals,Bajra,Hybrid,FAQ,2026-08-05,1881,2029,1956,145,Rs./Quintal
Gujarat,Anand,Anand,Cereals,Bajra,Hybrid,FAQ,2026-08-06,1825,1968,1877,97,Rs./Quintal
Gujarat,Anand,Anand,Cereals,Maize,Yellow,FAQ,2026-08-06,1760,1928,1828,516,Rs./Quintal
Gujarat,Anand,Anand,Cereals,Jowar,White,FAQ,2026-08-06,2580,2773,2668,785,Rs./Quintal
Gujarat,Anand,Borsad,Cereals,Bajra,Hybrid,FAQ,2026-08-06,1831,1968,1879,818,Rs./Quintal
Gujarat,Ahmedabad,Ahmedabad,Cereals,Bajra,Hybrid,FAQ,2026-08-06,1889,2016,1961,101,Rs./Quintal
Gujarat,Ahmedabad,Ahmedabad,Cereals,Maize,Yellow,FAQ,2026-08-06,1715,1908,1799,870,Rs./Quintal
Gujarat,Ahmedabad,Ahmedabad,Cereals,Jowar,White,FAQ,2026-08-06,2567,2771,2687,374,Rs./Quintal
Gujarat,Rajkot,Rajkot,Cereals,Wheat,Dara,FAQ,2026-08-06,2170,2357,2253,811,Rs./Quintal
Gujarat,Rajkot,Rajkot,Cereals,Maize,Yellow,FAQ,2026-08-06,1796,1881,1858,333,Rs./Quintal
Gujarat,Rajkot,Gondal,Cereals,Wheat,Dara,FAQ,2026-08-06,2180,2330,2252,500,Rs./Quintal
Gujarat,Rajkot,Gondal,Cereals,Bajra,Hybrid,FAQ,2026-08-06,1836,1980,1905,393,Rs./Quintal
Gujarat,Rajkot,Gondal,Cereals,Maize,Yellow,FAQ,2026-08-06,1769,1860,1802,204,Rs./Quintal
Gujarat,Rajkot,Gondal,Cereals,Jowar,White,FAQ,2026-08-06,2588,2719,2646,115,Rs./Quintal
Gujarat,Surat,Surat,Cereals,Wheat,Dara,FAQ,2026-08-06,2142,2369,2264,475,Rs./Quintal
Gujarat,Surat,Surat,Cereals,Bajra,Hybrid,FAQ,2026-08-06,1853,1999,1943,762,Rs./Quintal
Gujarat,Surat,Surat,Cereals,Maize,Yellow,FAQ,2026-08-06,1797,1923,1864,538,Rs./Quintal
Gujarat,Surat,Surat,Cereals,Jowar,White,FAQ,2026-08-06,2545,2738,2645,479,Rs./Quintal
Gujarat,Vadodara,Vadodara,Cereals,Wheat,Dara,FAQ,2026-08-06,2194,2369,2299,275,Rs./Quintal
Gujarat,Vadodara,Vadodara,Cereals,Bajra,Hybrid,FAQ,2026-08-06,1834,2005,1930,79,Rs./Quintal
Gujarat,Vadodara,Vadodara,Cereals,Maize,Yellow,FAQ,2026-08-06,1785,1936,1865,791,Rs./Quintal
Gujarat,Vadodara,Vadodara,Cereals,Jowar,White,FAQ,2026-08-06,2559,2716,2656,596,Rs./Quintal
Gujarat,Anand,Anand,Cereals,Wheat,Dara,FAQ,2026-08-07,2150,2375,2278,728,Rs./Quintal
Gujarat,Anand,Anand,Cereals,Bajra,Hybrid,FAQ,2026-08-07,1882,2004,1931,522,Rs./Quintal
Gujarat,Anand,Anand,Cereals,Maize,Yellow,FAQ,2026-08-07,1733,1898,1815,266,Rs./Quintal
Gujarat,Anand,Anand,Cereals,Jowar,White,FAQ,2026-08-07,2543,2797,2674,334,Rs./Quintal
Gujarat,Anand,Borsad,Cereals,Maize,Yellow,FAQ,2026-08-07,1710,1910,1791,817,Rs./Quintal
Gujarat,Anand,Borsad,Cereals,Jowar,White,FAQ,2026-08-07,2544,2728,2620,849,Rs./Quintal
Gujarat,Ahmedabad,Ahmedabad,Cereals,Bajra,Hybrid,FAQ,2026-08-07,1803,1981,1884,70,Rs./Quintal
Gujarat,Ahmedabad,Ahmedabad,Cereals,Jowar,White,FAQ,2026-08-07,2560,2785,2659,627,Rs./Quintal
Gujarat,Ahmedabad,Dholka,Cereals,Bajra,Hybrid,FAQ,2026-08-07,1832,2048,1943,221,Rs./Quintal
Gujarat,Rajkot,Rajkot,Cereals,Maize,Yellow,FAQ,2026-08-07,1739,1863,1818,76,Rs./Quintal
Gujarat,Rajkot,Gondal,Cereals,Wheat,Dara,FAQ,2026-08-07,2148,2350,2241,127,Rs./Quintal
Gujarat,Rajkot,Gondal,Cereals,Bajra,Hybrid,FAQ,2026-08-07,1880,1981,1916,763,Rs./Quintal
Gujarat,Surat,Surat,Cereals,Bajra,Hybrid,FAQ,2026-08-07,1872,2050,1943,405,Rs./Quintal
Gujarat,Surat,Surat,Cereals,Maize,Yellow,FAQ,2026-08-07,1784,1897,1824,568,Rs./Quintal
Gujarat,Vadodara,Vadodara,Cereals,Wheat,Dara,FAQ,2026-08-07,2153,2362,2243,493,Rs./Quintal
Gujarat,Anand,Anand,Cereals,Bajra,Hybrid,FAQ,2026-08-08,1893,2016,1951,680,Rs./Quintal
Gujarat,Anand,Anand,Cereals,Jowar,White,FAQ,2026-08-08,2561,2759,2667,895,Rs./Quintal
Gujarat,Anand,Borsad,Cereals,Bajra,Hybrid,FAQ,2026-08-08,1831,1961,1893,511,Rs./Quintal
Gujarat,Anand,Borsad,Cereals,Maize,Yellow,FAQ,2026-08-08,1759,1922,1859,734,Rs./Quintal
Gujarat,Anand,Borsad,Cereals,Jowar,White,FAQ,2026-08-08,2503,2763,2633,236,Rs./Quintal
Gujarat,Ahmedabad,Ahmedabad,Cereals,Wheat,Dara,FAQ,2026-08-08,2145,2333,2240,336,Rs./Quintal
Gujarat,Ahmedabad,Ahmedabad,Cereals,Jowar,White,FAQ,2026-08-08,2501,2766,2625,137,Rs./Quintal
Gujarat,Ahmedabad,Dholka,Cereals,Wheat,Dara,FAQ,2026-08-08,2152,2362,2272,826,Rs./Quintal
Gujarat,Ahmedabad,Dholka,Cereals,Bajra,Hybrid,FAQ,2026-08-08,1860,2032,1957,508,Rs./Quintal
Gujarat,Ahmedabad,Dholka,Cereals,Jowar,White,FAQ,2026-08-08,2528,2751,2634,363,Rs./Quintal
Gujarat,Rajkot,Rajkot,Cereals,Bajra,Hybrid,FAQ,2026-08-08,1870,2017,1945,485,Rs./Quintal
Gujarat,Rajkot,Rajkot,Cereals,Jowar,White,FAQ,2026-08-08,2545,2789,2676,327,Rs./Quintal
Gujarat,Rajkot,Gondal,Cereals,Wheat,Dara,FAQ,2026-08-08,2129,2315,2214,373,Rs./Quintal
Gujarat,Rajkot,Gondal,Cereals,Bajra,Hybrid,FAQ,2026-08-08,1868,2047,1948,246,Rs./Quintal
Gujarat,Rajkot,Gondal,Cereals,Maize,Yellow,FAQ,2026-08-08,1761,1885,1840,828,Rs./Quintal
Gujarat,Rajkot,Gondal,Cereals,Jowar,White,FAQ,2026-08-08,2536,2712,2616,353,Rs./Quintal
Gujarat,Surat,Surat,Cereals,Wheat,Dara,FAQ,2026-08-08,2122,2338,2210,775,Rs./Quintal
Gujarat,Surat,Surat,Cereals,Bajra,Hybrid,FAQ,2026-08-08,1835,1955,1878,616,Rs./Quintal
Gujarat,Surat,Surat,Cereals,Maize,Yellow,FAQ,2026-08-08,1716,1931,1834,155,Rs./Quintal
Gujarat,Vadodara,Vadodara,Cereals,Wheat,Dara,FAQ,2026-08-08,2160,2361,2268,398,Rs./Quintal
Gujarat,Vadodara,Vadodara,Cereals,Bajra,Hybrid,FAQ,2026-08-08,1806,1982,1904,166,Rs./Quintal
Gujarat,Vadodara,Vadodara,Cereals,Jowar,White,FAQ,2026-08-08,2509,2773,2661,752,Rs./Quintal
Gujarat,Anand,Anand,Cereals,Wheat,Dara,FAQ,2026-08-09,2119,2372,2244,137,Rs./Quintal
Gujarat,Anand,Anand,Cereals,Maize,Yellow,FAQ,2026-08-09,1797,1903,1868,660,Rs./Quintal
Gujarat,Anand,Borsad,Cereals,Wheat,Dara,FAQ,2026-08-09,2166,2348,2265,503,Rs./Quintal
Gujarat,Anand,Borsad,Cereals,Bajra,Hybrid,FAQ,2026-08-09,1875,2004,1938,632,Rs./Quintal
Gujarat,Ahmedabad,Ahmedabad,Cereals,Maize,Yellow,FAQ,2026-08-09,1727,1883,1790,210,Rs./Quintal
Gujarat,Ahmedabad,Ahmedabad,Cereals,Jowar,White,FAQ,2026-08-09,2570,2709,2629,52,Rs./Quintal
Gujarat,Ahmedabad,Dholka,Cereals,Wheat,Dara,FAQ,2026-08-09,2188,2376,2292,348,Rs./Quintal
Gujarat,Ahmedabad,Dholka,Cereals,Bajra,Hybrid,FAQ,2026-08-09,1836,2040,1936,769,Rs./Quintal
Gujarat,Ahmedabad,Dholka,Cereals,Jowar,White,FAQ,2026-08-09,2529,2733,2651,653,Rs./Quintal
Gujarat,Rajkot,Rajkot,Cereals,Maize,Yellow,FAQ,2026-08-09,1769,1878,1812,322,Rs./Quintal
Gujarat,Rajkot,Gondal,Cereals,Wheat,Dara,FAQ,2026-08-09,2121,2339,2248,816,Rs./Quintal
Gujarat,Rajkot,Gondal,Cereals,Jowar,White,FAQ,2026-08-09,2559,2788,2672,766,Rs./Quintal
Gujarat,Surat,Surat,Cereals,Wheat,Dara,FAQ,2026-08-09,2134,2364,2263,555,Rs./Quintal
Gujarat,Surat,Surat,Cereals,Bajra,Hybrid,FAQ,2026-08-09,1876,1955,1922,802,Rs./Quintal
Gujarat,Surat,Surat,Cereals,Maize,Yellow,FAQ,2026-08-09,1732,1853,1777,284,Rs./Quintal
Gujarat,Vadodara,Vadodara,Cereals,Bajra,Hybrid,FAQ,2026-08-09,1802,2047,1921,640,Rs./Quintal
Gujarat,Vadodara,Vadodara,Cereals,Maize,Yellow,FAQ,2026-08-09,1796,1872,1844,581,Rs./Quintal
Gujarat,Anand,Anand,Cereals,Bajra,Hybrid,FAQ,2026-08-10,1874,2005,1959,883,Rs./Quintal
Gujarat,Anand,Anand,Cereals,Maize,Yellow,FAQ,2026-08-10,1711,1910,1812,468,Rs./Quintal
Gujarat,Anand,Anand,Cereals,Jowar,White,FAQ,2026-08-10,2585,2713,2639,387,Rs./Quintal
Gujarat,Anand,Borsad,Cereals,Wheat,Dara,FAQ,2026-08-10,2163,2336,2254,883,Rs./Quintal
Gujarat,Anand,Borsad,Cereals,Maize,Yellow,FAQ,2026-08-10,1711,1890,1796,381,Rs./Quintal
Gujarat,Anand,Borsad,Cereals,Jowar,White,FAQ,2026-08-10,2598,2751,2686,894,Rs./Quintal
Gujarat,Ahmedabad,Ahmedabad,Cereals,Maize,Yellow,FAQ,2026-08-10,1752,1856,1796,580,Rs./Quintal
Gujarat,Ahmedabad,Ahmedabad,Cereals,Jowar,White,FAQ,2026-08-10,2596,2763,2699,502,Rs./Quintal
Gujarat,Ahmedabad,Dholka,Cereals,Bajra,Hybrid,FAQ,2026-08-10,1870,1966,1916,498,Rs./Quintal
Gujarat,Ahmedabad,Dholka,Cereals,Jowar,White,FAQ,2026-08-10,2503,2780,2659,868,Rs./Quintal
Gujarat,Rajkot,Rajkot,Cereals,Wheat,Dara,FAQ,2026-08-10,2120,2339,2244,64,Rs./Quintal
Gujarat,Rajkot,Rajkot,Cereals,Bajra,Hybrid,FAQ,2026-08-10,1811,1978,1881,522,Rs./Quintal
Gujarat,Rajkot,Gondal,Cereals,Wheat,Dara,FAQ,2026-08-10,2191,2337,2276,772,Rs./Quintal
Gujarat,Rajkot,Gondal,Cereals,Bajra,Hybrid,FAQ,2026-08-10,1861,2010,1930,517,Rs./Quintal
Gujarat,Rajkot,Gondal,Cereals,Maize,Yellow,FAQ,2026-08-10,1749,1874,1829,570,Rs./Quintal
Gujarat,Surat,Surat,Cereals,Wheat,Dara,FAQ,2026-08-10,2108,2335,2227,398,Rs./Quintal
Gujarat,Surat,Surat,Cereals,Maize,Yellow,FAQ,2026-08-10,1700,1886,1792,651,Rs./Quintal
Gujarat,Surat,Surat,Cereals,Jowar,White,FAQ,2026-08-10,2584,2762,2662,507,Rs./Quintal
Gujarat,Vadodara,Vadodara,Cereals,Wheat,Dara,FAQ,2026-08-10,2144,2342,2258,831,Rs./Quintal
Gujarat,Vadodara,Vadodara,Cereals,Bajra,Hybrid,FAQ,2026-08-10,1858,1991,1916,764,Rs./Quintal
Gujarat,Vadodara,Vadodara,Cereals,Maize,Yellow,FAQ,2026-08-10,1749,1879,1820,94,Rs./Quintal
Gujarat,Vadodara,Vadodara,Cereals,Jowar,White,FAQ,2026-08-10,2560,2790,2679,445,Rs./Quintal
Gujarat,Anand,Anand,Cereals,Jowar,White,FAQ,2026-08-11,2504,2716,2622,654,Rs./Quintal
Gujarat,Anand,Borsad,Cereals,Wheat,Dara,FAQ,2026-08-11,2112,2356,2220,588,Rs./Quintal
Gujarat,Anand,Borsad,Cereals,Maize,Yellow,FAQ,2026-08-11,1718,1902,1799,126,Rs./Quintal
Gujarat,Anand,Borsad,Cereals,Jowar,White,FAQ,2026-08-11,2533,2743,2657,759,Rs./Quintal
Gujarat,Ahmedabad,Ahmedabad,Cereals,Wheat,Dara,FAQ,2026-08-11,2110,2342,2240,439,Rs./Quintal
Gujarat,Ahmedabad,Dholka,Cereals,Wheat,Dara,FAQ,2026-08-11,2169,2304,2255,120,Rs./Quintal
Gujarat,Ahmedabad,Dholka,Cereals,Bajra,Hybrid,FAQ,2026-08-11,1887,1986,1930,814,Rs./Quintal
Gujarat,Ahmedabad,Dholka,Cereals,Maize,Yellow,FAQ,2026-08-11,1712,1947,1849,770,Rs./Quintal
Gujarat,Rajkot,Rajkot,Cereals,Wheat,Dara,FAQ,2026-08-11,2188,2338,2244,97,Rs./Quintal
Gujarat,Rajkot,Rajkot,Cereals,Bajra,Hybrid,FAQ,2026-08-11,1807,1987,1899,433,Rs./Quintal
Gujarat,Rajkot,Rajkot,Cereals,Maize,Yellow,FAQ,2026-08-11,1731,1917,1830,629,Rs./Quintal
Gujarat,Rajkot,Gondal,Cereals,Wheat,Dara,FAQ,2026-08-11,2122,2310,2235,441,Rs./Quintal
Gujarat,Rajkot,Gondal,Cereals,Maize,Yellow,FAQ,2026-08-11,1774,1868,1815,522,Rs./Quintal
Gujarat,Surat,Surat,Cereals,Wheat,Dara,FAQ,2026-08-11,2185,2301,2252,344,Rs./Quintal
Gujarat,Surat,Surat,Cereals,Maize,Yellow,FAQ,2026-08-11,1756,1894,1842,356,Rs./Quintal
Gujarat,Vadodara,Vadodara,Cereals,Wheat,Dara,FAQ,2026-08-11,2132,2358,2244,253,Rs./Quintal
Gujarat,Vadodara,Vadodara,Cereals,Jowar,White,FAQ,2026-08-11,2548,2773,2662,638,Rs./Quintal
Gujarat,Anand,Anand,Cereals,Wheat,Dara,FAQ,2026-08-12,2189,2337,2244,899,Rs./Quintal
Gujarat,Anand,Anand,Cereals,Maize,Yellow,FAQ,2026-08-12,1772,1937,1837,670,Rs./Quintal
Gujarat,Anand,Borsad,Cereals,Jowar,White,FAQ,2026-08-12,2545,2728,2656,244,Rs./Quintal
Gujarat,Rajkot,Rajkot,Cereals,Wheat,Dara,FAQ,2026-08-12,2156,2304,2247,423,Rs./Quintal
Gujarat,Rajkot,Rajkot,Cereals,Maize,Yellow,FAQ,2026-08-12,1737,1891,1820,229,Rs./Quintal
Gujarat,Rajkot,Rajkot,Cereals,Jowar,White,FAQ,2026-08-12,2600,2769,2687,593,Rs./Quintal
Gujarat,Rajkot,Gondal,Cereals,Wheat,Dara,FAQ,2026-08-12,2134,2321,2223,894,Rs./Quintal
Gujarat,Rajkot,Gondal,Cereals,Jowar,White,FAQ,2026-08-12,2543,2714,2637,127,Rs./Quintal
Gujarat,Surat,Surat,Cereals,Wheat,Dara,FAQ,2026-08-12,2128,2386,2262,873,Rs./Quintal
Gujarat,Surat,Surat,Cereals,Bajra,Hybrid,FAQ,2026-08-12,1811,2000,1885,320,Rs./Quintal
Gujarat,Surat,Surat,Cereals,Maize,Yellow,FAQ,2026-08-12,1758,1897,1823,648,Rs./Quintal
Gujarat,Surat,Surat,Cereals,Jowar,White,FAQ,2026-08-12,2581,2747,2650,741,Rs./Quintal
Gujarat,Vadodara,Vadodara,Cereals,Wheat,Dara,FAQ,2026-08-12,2103,2379,2256,385,Rs./Quintal
Gujarat,Vadodara,Vadodara,Cereals,Maize,Yellow,FAQ,2026-08-12,1708,1931,1828,767,Rs./Quintal
Gujarat,Vadodara,Vadodara,Cereals,Jowar,White,FAQ,2026-08-12,2552,2714,2621,96,Rs./Quintal
Gujarat,Anand,Anand,Cereals,Bajra,Hybrid,FAQ,2026-08-13,1863,1964,1899,290,Rs./Quintal
Gujarat,Anand,Anand,Cereals,Jowar,White,FAQ,2026-08-13,2558,2747,2666,479,Rs./Quintal
Gujarat,Anand,Borsad,Cereals,Wheat,Dara,FAQ,2026-08-13,2193,2319,2262,720,Rs./Quintal
Gujarat,Anand,Borsad,Cereals,Bajra,Hybrid,FAQ,2026-08-13,1862,2028,1951,336,Rs./Quintal
Gujarat,Anand,Borsad,Cereals,Maize,Yellow,FAQ,2026-08-13,1747,1877,1820,505,Rs./Quintal
Gujarat,Ahmedabad,Ahmedabad,Cereals,Bajra,Hybrid,FAQ,2026-08-13,1887,1997,1956,710,Rs./Quintal
Gujarat,Ahmedabad,Ahmedabad,Cereals,Maize,Yellow,FAQ,2026-08-13,1750,1885,1809,175,Rs./Quintal
Gujarat,Ahmedabad,Dholka,Cereals,Bajra,Hybrid,FAQ,2026-08-13,1827,2032,1949,661,Rs./Quintal
Gujarat,Ahmedabad,Dholka,Cereals,Jowar,White,FAQ,2026-08-13,2542,2731,2624,855,Rs./Quintal
Gujarat,Rajkot,Rajkot,Cereals,Wheat,Dara,FAQ,2026-08-13,2108,2397,2267,262,Rs./Quintal
Gujarat,Rajkot,Rajkot,Cereals,Bajra,Hybrid,FAQ,2026-08-13,1829,1992,1899,857,Rs./Quintal
Gujarat,Rajkot,Rajkot,Cereals,Jowar,White,FAQ,2026-08-13,2518,2716,2631,306,Rs./Quintal
Gujarat,Rajkot,Gondal,Cereals,Bajra,Hybrid,FAQ,2026-08-13,1803,1966,1864,416,Rs./Quintal
Gujarat,Rajkot,Gondal,Cereals,Jowar,White,FAQ,2026-08-13,2541,2702,2612,321,Rs./Quintal
Gujarat,Surat,Surat,Cereals,Wheat,Dara,FAQ,2026-08-13,2194,2353,2286,166,Rs./Quintal
Gujarat,Surat,Surat,Cereals,Maize,Yellow,FAQ,2026-08-13,1799,1896,1859,657,Rs./Quintal
Gujarat,Surat,Surat,Cereals,Jowar,White,FAQ,2026-08-13,2564,2728,2665,94,Rs./Quintal
Gujarat,Vadodara,Vadodara,Cereals,Jowar,White,FAQ,2026-08-13,2582,2703,2625,540,Rs./Quintal
Gujarat,Anand,Anand,Cereals,Bajra,Hybrid,FAQ,2026-08-14,1813,2012,1920,125,Rs./Quintal
Gujarat,Anand,Anand,Cereals,Jowar,White,FAQ,2026-08-14,2518,2708,2601,331,Rs./Quintal
Gujarat,Anand,Borsad,Cereals,Bajra,Hybrid,FAQ,2026-08-14,1891,1991,1945,661,Rs./Quintal
Gujarat,Anand,Borsad,Cereals,Maize,Yellow,FAQ,2026-08-14,1758,1914,1854,490,Rs./Quintal
Gujarat,Anand,Borsad,Cereals,Jowar,White,FAQ,2026-08-14,2589,2714,2666,788,Rs./Quintal
Gujarat,Ahmedabad,Ahmedabad,Cereals,Bajra,Hybrid,FAQ,2026-08-14,1829,2002,1916,897,Rs./Quintal
Gujarat,Ahmedabad,Ahmedabad,Cereals,Maize,Yellow,FAQ,2026-08-14,1753,1943,1834,370,Rs./Quintal
Gujarat,Ahmedabad,Ahmedabad,Cereals,Jowar,White,FAQ,2026-08-14,2585,2732,2661,206,Rs./Quintal
Gujarat,Ahmedabad,Dholka,Cereals,Bajra,Hybrid,FAQ,2026-08-14,1811,1960,1870,492,Rs./Quintal
Gujarat,Ahmedabad,Dholka,Cereals,Maize,Yellow,FAQ,2026-08-14,1794,1897,1833,619,Rs./Quintal
Gujarat,Ahmedabad,Dholka,Cereals,Jowar,White,FAQ,2026-08-14,2571,2771,2672,736,Rs./Quintal
Gujarat,Rajkot,Rajkot,Cereals,Wheat,Dara,FAQ,2026-08-14,2145,2385,2272,788,Rs./Quintal
Gujarat,Rajkot,Rajkot,Cereals,Bajra,Hybrid,FAQ,2026-08-14,1836,2026,1930,410,Rs./Quintal
Gujarat,Rajkot,Rajkot,Cereals,Maize,Yellow,FAQ,2026-08-14,1764,1877,1809,722,Rs./Quintal
Gujarat,Rajkot,Rajkot,Cereals,Jowar,White,FAQ,2026-08-14,2513,2744,2643,426,Rs./Quintal
Gujarat,Rajkot,Gondal,Cereals,Wheat,Dara,FAQ,2026-08-14,2135,2373,2248,876,Rs./Quintal
Gujarat,Rajkot,Gondal,Cereals,Bajra,Hybrid,FAQ,2026-08-14,1871,2048,1978,678,Rs./Quintal
Gujarat,Rajkot,Gondal,Cereals,Jowar,White,FAQ,2026-08-14,2577,2784,2677,79,Rs./Quintal
Gujarat,Surat,Surat,Cereals,Wheat,Dara,FAQ,2026-08-14,2189,2397,2292,397,Rs./Quintal
Gujarat,Surat,Surat,Cereals,Bajra,Hybrid,FAQ,2026-08-14,1823,1968,1911,723,Rs./Quintal
Gujarat,Surat,Surat,Cereals,Maize,Yellow,FAQ,2026-08-14,1718,1944,1851,81,Rs./Quintal
Gujarat,Surat,Surat,Cereals,Jowar,White,FAQ,2026-08-14,2567,2727,2651,479,Rs./Quintal
Gujarat,Vadodara,Vadodara,Cereals,Wheat,Dara,FAQ,2026-08-14,2120,2347,2232,788,Rs./Quintal
Gujarat,Vadodara,Vadodara,Cereals,Bajra,Hybrid,FAQ,2026-08-14,1872,2026,1934,103,Rs./Quintal
Gujarat,Vadodara,Vadodara,Cereals,Maize,Yellow,FAQ,2026-08-14,1796,1929,1845,740,Rs./Quintal
Gujarat,Vadodara,Vadodara,Cereals,Jowar,White,FAQ,2026-08-14,2556,2784,2677,547,Rs./Quintal
Gujarat,Anand,Anand,Cereals,Bajra,Hybrid,FAQ,2026-08-15,1827,2046,1948,166,Rs./Quintal
Gujarat,Anand,Anand,Cereals,Maize,Yellow,FAQ,2026-08-15,1714,1886,1817,548,Rs./Quintal
Gujarat,Anand,Anand,Cereals,Jowar,White,FAQ,2026-08-15,2539,2705,2616,454,Rs./Quintal
Gujarat,Anand,Borsad,Cereals,Bajra,Hybrid,FAQ,2026-08-15,1826,1988,1900,835,Rs./Quintal
Gujarat,Anand,Borsad,Cereals,Maize,Yellow,FAQ,2026-08-15,1732,1887,1809,172,Rs./Quintal
Gujarat,Anand,Borsad,Cereals,Jowar,White,FAQ,2026-08-15,2595,2755,2666,182,Rs./Quintal
Gujarat,Ahmedabad,Ahmedabad,Cereals,Wheat,Dara,FAQ,2026-08-15,2190,2329,2271,622,Rs./Quintal
Gujarat,Ahmedabad,Ahmedabad,Cereals,Jowar,White,FAQ,2026-08-15,2594,2705,2656,69,Rs./Quintal
Gujarat,Ahmedabad,Dholka,Cereals,Wheat,Dara,FAQ,2026-08-15,2109,2340,2240,489,Rs./Quintal
Gujarat,Ahmedabad,Dholka,Cereals,Bajra,Hybrid,FAQ,2026-08-15,1890,2031,1966,346,Rs./Quintal
Gujarat,Ahmedabad,Dholka,Cereals,Maize,Yellow,FAQ,2026-08-15,1702,1891,1786,870,Rs./Quintal
Gujarat,Rajkot,Rajkot,Cereals,Wheat,Dara,FAQ,2026-08-15,2188,2346,2252,497,Rs./Quintal
Gujarat,Rajkot,Rajkot,Cereals,Maize,Yellow,FAQ,2026-08-15,1775,1901,1851,130,Rs./Quintal
Gujarat,Rajkot,Rajkot,Cereals,Jowar,White,FAQ,2026-08-15,2539,2795,2668,276,Rs./Quintal
Gujarat,Rajkot,Gondal,Cereals,Wheat,Dara,FAQ,2026-08-15,2121,2309,2227,698,Rs./Quintal
Gujarat,Rajkot,Gondal,Cereals,Bajra,Hybrid,FAQ,2026-08-15,1865,1974,1921,409,Rs./Quintal
Gujarat,Surat,Surat,Cereals,Bajra,Hybrid,FAQ,2026-08-15,1818,1982,1892,227,Rs./Quintal
Gujarat,Vadodara,Vadodara,Cereals,Bajra,Hybrid,FAQ,2026-08-15,1898,2030,1975,525,Rs./Quintal
Gujarat,Anand,Anand,Cereals,Wheat,Dara,FAQ,2026-08-16,2172,2382,2297,689,Rs./Quintal
Gujarat,Anand,Anand,Cereals,Bajra,Hybrid,FAQ,2026-08-16,1880,1990,1924,500,Rs./Quintal
Gujarat,Anand,Anand,Cereals,Maize,Yellow,FAQ,2026-08-16,1756,1930,1842,865,Rs./Quintal
Gujarat,Anand,Anand,Cereals,Jowar,White,FAQ,2026-08-16,2507,2745,2638,125,Rs./Quintal
Gujarat,Anand,Borsad,Cereals,Wheat,Dara,FAQ,2026-08-16,2157,2304,2213,427,Rs./Quintal
Gujarat,Anand,Borsad,Cereals,Maize,Yellow,FAQ,2026-08-16,1711,1928,1837,569,Rs./Quintal
Gujarat,Anand,Borsad,Cereals,Jowar,White,FAQ,2026-08-16,2574,2770,2654,510,Rs./Quintal
Gujarat,Ahmedabad,Ahmedabad,Cereals,Bajra,Hybrid,FAQ,2026-08-16,1824,1991,1925,537,Rs./Quintal
Gujarat,Ahmedabad,Ahmedabad,Cereals,Maize,Yellow,FAQ,2026-08-16,1707,1907,1793,880,Rs./Quintal
Gujarat,Ahmedabad,Dholka,Cereals,Wheat,Dara,FAQ,2026-08-16,2191,2310,2262,711,Rs./Quintal
Gujarat,Ahmedabad,Dholka,Cereals,Bajra,Hybrid,FAQ,2026-08-16,1831,2040,1943,499,Rs./Quintal
Gujarat,Ahmedabad,Dholka,Cereals,Maize,Yellow,FAQ,2026-08-16,1778,1870,1827,431,Rs./Quintal
Gujarat,Rajkot,Rajkot,Cereals,Wheat,Dara,FAQ,2026-08-16,2199,2343,2289,103,Rs./Quintal
Gujarat,Rajkot,Rajkot,Cereals,Jowar,White,FAQ,2026-08-16,2512,2771,2645,340,Rs./Quintal
Gujarat,Rajkot,Gondal,Cereals,Wheat,Dara,FAQ,2026-08-16,2184,2377,2269,391,Rs./Quintal
Gujarat,Rajkot,Gondal,Cereals,Bajra,Hybrid,FAQ,2026-08-16,1884,1968,1928,367,Rs./Quintal
Gujarat,Surat,Surat,Cereals,Wheat,Dara,FAQ,2026-08-16,2176,2390,2268,367,Rs./Quintal
Gujarat,Surat,Surat,Cereals,Bajra,Hybrid,FAQ,2026-08-16,1882,1992,1925,736,Rs./Quintal
Gujarat,Vadodara,Vadodara,Cereals,Maize,Yellow,FAQ,2026-08-16,1785,1904,1856,420,Rs./Quintal
Gujarat,Vadodara,Vadodara,Cereals,Jowar,White,FAQ,2026-08-16,2539,2723,2624,399,Rs./Quintal
Gujarat,Anand,Anand,Cereals,Bajra,Hybrid,FAQ,2026-08-17,1828,1967,1886,129,Rs./Quintal
Gujarat,Anand,Anand,Cereals,Maize,Yellow,FAQ,2026-08-17,1800,1862,1843,839,Rs./Quintal
Gujarat,Anand,Anand,Cereals,Jowar,White,FAQ,2026-08-17,2594,2767,2662,727,Rs./Quintal
Gujarat,Anand,Borsad,Cereals,Wheat,Dara,FAQ,2026-08-17,2198,2379,2276,661,Rs./Quintal
Gujarat,Anand,Borsad,Cereals,Bajra,Hybrid,FAQ,2026-08-17,1820,1973,1915,878,Rs./Quintal
Gujarat,Ahmedabad,Ahmedabad,Cereals,Wheat,Dara,FAQ,2026-08-17,2146,2386,2261,504,Rs./Quintal
Gujarat,Ahmedabad,Dholka,Cereals,Wheat,Dara,FAQ,2026-08-17,2130,2339,2244,248,Rs./Quintal
Gujarat,Ahmedabad,Dholka,Cereals,Bajra,Hybrid,FAQ,2026-08-17,1873,2006,1948,837,Rs./Quintal
Gujarat,Ahmedabad,Dholka,Cereals,Maize,Yellow,FAQ,2026-08-17,1748,1914,1844,478,Rs./Quintal
Gujarat,Rajkot,Rajkot,Cereals,Maize,Yellow,FAQ,2026-08-17,1732,1856,1804,430,Rs./Quintal
Gujarat,Rajkot,Rajkot,Cereals,Jowar,White,FAQ,2026-08-17,2513,2791,2665,177,Rs./Quintal
Gujarat,Rajkot,Gondal,Cereals,Wheat,Dara,FAQ,2026-08-17,2197,2320,2255,510,Rs./Quintal
Gujarat,Rajkot,Gondal,Cereals,Maize,Yellow,FAQ,2026-08-17,1755,1861,1802,886,Rs./Quintal
Gujarat,Rajkot,Gondal,Cereals,Jowar,White,FAQ,2026-08-17,2544,2703,2629,104,Rs./Quintal
Gujarat,Surat,Surat,Cereals,Wheat,Dara,FAQ,2026-08-17,2147,2330,2242,133,Rs./Quintal
Gujarat,Surat,Surat,Cereals,Bajra,Hybrid,FAQ,2026-08-17,1803,1990,1882,781,Rs./Quintal
Gujarat,Vadodara,Vadodara,Cereals,Wheat,Dara,FAQ,2026-08-17,2136,2360,2236,827,Rs./Quintal
Gujarat,Vadodara,Vadodara,Cereals,Maize,Yellow,FAQ,2026-08-17,1700,1860,1761,312,Rs./Quintal
Gujarat,Vadodara,Vadodara,Cereals,Jowar,White,FAQ,2026-08-17,2519,2770,2662,590,Rs./Quintal
Gujarat,Anand,Anand,Cereals,Wheat,Dara,FAQ,2026-08-18,2199,2336,2262,358,Rs./Quintal
Gujarat,Anand,Anand,Cereals,Bajra,Hybrid,FAQ,2026-08-18,1830,2003,1936,862,Rs./Quintal
Gujarat,Anand,Anand,Cereals,Jowar,White,FAQ,2026-08-18,2563,2776,2683,66,Rs./Quintal
Gujarat,Anand,Borsad,Cereals,Bajra,Hybrid,FAQ,2026-08-18,1891,1968,1927,489,Rs./Quintal
Gujarat,Anand,Borsad,Cereals,Maize,Yellow,FAQ,2026-08-18,1745,1880,1828,476,Rs./Quintal
Gujarat,Anand,Borsad,Cereals,Jowar,White,FAQ,2026-08-18,2585,2710,2660,419,Rs./Quintal
Gujarat,Ahmedabad,Ahmedabad,Cereals,Wheat,Dara,FAQ,2026-08-18,2167,2369,2280,855,Rs./Quintal
Gujarat,Ahmedabad,Ahmedabad,Cereals,Maize,Yellow,FAQ,2026-08-18,1749,1910,1811,700,Rs./Quintal
Gujarat,Ahmedabad,Ahmedabad,Cereals,Jowar,White,FAQ,2026-08-18,2547,2732,2620,415,Rs./Quintal
Gujarat,Ahmedabad,Dholka,Cereals,Bajra,Hybrid,FAQ,2026-08-18,1893,2034,1983,156,Rs./Quintal
Gujarat,Rajkot,Rajkot,Cereals,Wheat,Dara,FAQ,2026-08-18,2105,2345,2239,396,Rs./Quintal
Gujarat,Rajkot,Rajkot,Cereals,Maize,Yellow,FAQ,2026-08-18,1799,1937,1877,762,Rs./Quintal
Gujarat,Rajkot,Rajkot,Cereals,Jowar,White,FAQ,2026-08-18,2523,2717,2604,783,Rs./Quintal
Gujarat,Rajkot,Gondal,Cereals,Bajra,Hybrid,FAQ,2026-08-18,1837,1975,1888,860,Rs./Quintal
Gujarat,Rajkot,Gondal,Cereals,Maize,Yellow,FAQ,2026-08-18,1705,1890,1796,577,Rs./Quintal
Gujarat,Rajkot,Gondal,Cereals,Jowar,White,FAQ,2026-08-18,2569,2760,2660,87,Rs./Quintal
Gujarat,Surat,Surat,Cereals,Bajra,Hybrid,FAQ,2026-08-18,1845,2049,1930,721,Rs./Quintal
Gujarat,Surat,Surat,Cereals,Maize,Yellow,FAQ,2026-08-18,1715,1897,1813,459,Rs./Quintal
Gujarat,Vadodara,Vadodara,Cereals,Bajra,Hybrid,FAQ,2026-08-18,1823,2013,1929,426,Rs./Quintal
Gujarat,Vadodara,Vadodara,Cereals,Jowar,White,FAQ,2026-08-18,2510,2793,2658,130,Rs./Quintal
Gujarat,Anand,Anand,Cereals,Wheat,Dara,FAQ,2026-08-19,2123,2369,2244,378,Rs./Quintal
Gujarat,Anand,Anand,Cereals,Bajra,Hybrid,FAQ,2026-08-19,1841,2034,1935,363,Rs./Quintal
Gujarat,Anand,Anand,Cereals,Maize,Yellow,FAQ,2026-08-19,1791,1904,1837,756,Rs./Quintal
Gujarat,Anand,Anand,Cereals,Jowar,White,FAQ,2026-08-19,2557,2705,2633,679,Rs./Quintal
Gujarat,Anand,Borsad,Cereals,Bajra,Hybrid,FAQ,2026-08-19,1807,1959,1903,465,Rs./Quintal
Gujarat,Anand,Borsad,Cereals,Maize,Yellow,FAQ,2026-08-19,1795,1936,1855,81,Rs./Quintal
Gujarat,Anand,Borsad,Cereals,Jowar,White,FAQ,2026-08-19,2577,2786,2689,85,Rs./Quintal
Gujarat,Ahmedabad,Ahmedabad,Cereals,Wheat,Dara,FAQ,2026-08-19,2130,2399,2267,420,Rs./Quintal
Gujarat,Ahmedabad,Ahmedabad,Cereals,Bajra,Hybrid,FAQ,2026-08-19,1872,1954,1931,207,Rs./Quintal
Gujarat,Ahmedabad,Dholka,Cereals,Wheat,Dara,FAQ,2026-08-19,2197,2309,2269,190,Rs./Quintal
Gujarat,Ahmedabad,Dholka,Cereals,Bajra,Hybrid,FAQ,2026-08-19,1850,1990,1917,305,Rs./Quintal
Gujarat,Ahmedabad,Dholka,Cereals,Jowar,White,FAQ,2026-08-19,2523,2763,2656,446,Rs./Quintal
Gujarat,Rajkot,Rajkot,Cereals,Bajra,Hybrid,FAQ,2026-08-19,1899,1983,1949,269,Rs./Quintal
Gujarat,Rajkot,Rajkot,Cereals,Jowar,White,FAQ,2026-08-19,2562,2725,2630,188,Rs./Quintal
Gujarat,Rajkot,Gondal,Cereals,Bajra,Hybrid,FAQ,2026-08-19,1891,2006,1933,879,Rs./Quintal
Gujarat,Surat,Surat,Cereals,Wheat,Dara,FAQ,2026-08-19,2144,2390,2251,613,Rs./Quintal
Gujarat,Surat,Surat,Cereals,Bajra,Hybrid,FAQ,2026-08-19,1838,1970,1924,228,Rs./Quintal
Gujarat,Surat,Surat,Cereals,Jowar,White,FAQ,2026-08-19,2515,2725,2608,292,Rs./Quintal
Gujarat,Vadodara,Vadodara,Cereals,Bajra,Hybrid,FAQ,2026-08-19,1870,2023,1949,528,Rs./Quintal
Gujarat,Vadodara,Vadodara,Cereals,Jowar,White,FAQ,2026-08-19,2578,2711,2628,366,Rs./Quintal
Gujarat,Anand,Anand,Cereals,Wheat,Dara,FAQ,2026-08-20,2191,2392,2301,588,Rs./Quintal
Gujarat,Anand,Anand,Cereals,Bajra,Hybrid,FAQ,2026-08-20,1852,2023,1921,178,Rs./Quintal
Gujarat,Anand,Borsad,Cereals,Wheat,Dara,FAQ,2026-08-20,2187,2366,2278,181,Rs./Quintal
Gujarat,Ahmedabad,Ahmedabad,Cereals,Wheat,Dara,FAQ,2026-08-20,2116,2355,2247,106,Rs./Quintal
Gujarat,Ahmedabad,Ahmedabad,Cereals,Maize,Yellow,FAQ,2026-08-20,1738,1871,1794,380,Rs./Quintal
Gujarat,Ahmedabad,Dholka,Cereals,Wheat,Dara,FAQ,2026-08-20,2166,2336,2236,306,Rs./Quintal
Gujarat,Ahmedabad,Dholka,Cereals,Bajra,Hybrid,FAQ,2026-08-20,1870,1985,1915,690,Rs./Quintal
Gujarat,Ahmedabad,Dholka,Cereals,Maize,Yellow,FAQ,2026-08-20,1768,1861,1826,706,Rs./Quintal
Gujarat,Ahmedabad,Dholka,Cereals,Jowar,White,FAQ,2026-08-20,2574,2719,2636,724,Rs./Quintal
Gujarat,Rajkot,Rajkot,Cereals,Maize,Yellow,FAQ,2026-08-20,1772,1855,1794,133,Rs./Quintal
Gujarat,Rajkot,Rajkot,Cereals,Jowar,White,FAQ,2026-08-20,2582,2798,2706,321,Rs./Quintal
Gujarat,Rajkot,Gondal,Cereals,Maize,Yellow,FAQ,2026-08-20,1781,1853,1828,692,Rs./Quintal
Gujarat,Rajkot,Gondal,Cereals,Jowar,White,FAQ,2026-08-20,2582,2738,2670,300,Rs./Quintal
Gujarat,Surat,Surat,Cereals,Maize,Yellow,FAQ,2026-08-20,1709,1938,1806,211,Rs./Quintal
Gujarat,Surat,Surat,Cereals,Jowar,White,FAQ,2026-08-20,2561,2759,2653,398,Rs./Quintal
Gujarat,Vadodara,Vadodara,Cereals,Bajra,Hybrid,FAQ,2026-08-20,1891,1990,1942,458,Rs./Quintal
Gujarat,Vadodara,Vadodara,Cereals,Maize,Yellow,FAQ,2026-08-20,1747,1915,1846,158,Rs./Quintal
Gujarat,Vadodara,Vadodara,Cereals,Jowar,White,FAQ,2026-08-20,2559,2715,2634,510,Rs./Quintal
Gujarat,Anand,Anand,Cereals,Wheat,Dara,FAQ,2026-08-21,2112,2306,2207,443,Rs./Quintal
Gujarat,Anand,Anand,Cereals,Maize,Yellow,FAQ,2026-08-21,1720,1891,1821,788,Rs./Quintal
Gujarat,Anand,Anand,Cereals,Jowar,White,FAQ,2026-08-21,2597,2720,2669,577,Rs./Quintal
Gujarat,Anand,Borsad,Cereals,Wheat,Dara,FAQ,2026-08-21,2139,2363,2232,142,Rs./Quintal
Gujarat,Anand,Borsad,Cereals,Maize,Yellow,FAQ,2026-08-21,1730,1877,1820,411,Rs./Quintal
Gujarat,Anand,Borsad,Cereals,Jowar,White,FAQ,2026-08-21,2536,2763,2667,719,Rs./Quintal
Gujarat,Ahmedabad,Ahmedabad,Cereals,Bajra,Hybrid,FAQ,2026-08-21,1801,1963,1889,187,Rs./Quintal
Gujarat,Ahmedabad,Dholka,Cereals,Bajra,Hybrid,FAQ,2026-08-21,1851,1956,1919,625,Rs./Quintal
Gujarat,Ahmedabad,Dholka,Cereals,Maize,Yellow,FAQ,2026-08-21,1770,1886,1812,445,Rs./Quintal
Gujarat,Ahmedabad,Dholka,Cereals,Jowar,White,FAQ,2026-08-21,2597,2770,2680,895,Rs./Quintal
Gujarat,Rajkot,Rajkot,Cereals,Maize,Yellow,FAQ,2026-08-21,1712,1900,1809,863,Rs./Quintal
Gujarat,Rajkot,Gondal,Cereals,Wheat,Dara,FAQ,2026-08-21,2146,2396,2260,253,Rs./Quintal
Gujarat,Rajkot,Gondal,Cereals,Maize,Yellow,FAQ,2026-08-21,1705,1855,1762,190,Rs./Quintal
Gujarat,Surat,Surat,Cereals,Bajra,Hybrid,FAQ,2026-08-21,1819,2027,1935,193,Rs./Quintal
Gujarat,Surat,Surat,Cereals,Maize,Yellow,FAQ,2026-08-21,1778,1890,1824,452,Rs./Quintal
Gujarat,Vadodara,Vadodara,Cereals,Bajra,Hybrid,FAQ,2026-08-21,1843,2014,1940,595,Rs./Quintal
Gujarat,Vadodara,Vadodara,Cereals,Maize,Yellow,FAQ,2026-08-21,1772,1888,1840,885,Rs./Quintal
Gujarat,Vadodara,Vadodara,Cereals,Jowar,White,FAQ,2026-08-21,2542,2786,2651,476,Rs./Quintal
Gujarat,Anand,Anand,Cereals,Wheat,Dara,FAQ,2026-08-22,2192,2388,2310,77,Rs./Quintal
Gujarat,Anand,Anand,Cereals,Bajra,Hybrid,FAQ,2026-08-22,1833,2033,1950,641,Rs./Quintal
Gujarat,Anand,Anand,Cereals,Maize,Yellow,FAQ,2026-08-22,1706,1924,1825,224,Rs./Quintal
Gujarat,Anand,Anand,Cereals,Jowar,White,FAQ,2026-08-22,2592,2779,2689,201,Rs./Quintal
Gujarat,Anand,Borsad,Cereals,Bajra,Hybrid,FAQ,2026-08-22,1873,2039,1943,245,Rs./Quintal
Gujarat,Anand,Borsad,Cereals,Maize,Yellow,FAQ,2026-08-22,1740,1903,1810,472,Rs./Quintal
Gujarat,Ahmedabad,Ahmedabad,Cereals,Wheat,Dara,FAQ,2026-08-22,2199,2378,2298,803,Rs./Quintal
Gujarat,Ahmedabad,Ahmedabad,Cereals,Jowar,White,FAQ,2026-08-22,2571,2741,2666,588,Rs./Quintal
Gujarat,Ahmedabad,Dholka,Cereals,Wheat,Dara,FAQ,2026-08-22,2122,2358,2254,400,Rs./Quintal
Gujarat,Ahmedabad,Dholka,Cereals,Bajra,Hybrid,FAQ,2026-08-22,1886,2048,1963,674,Rs./Quintal
Gujarat,Ahmedabad,Dholka,Cereals,Maize,Yellow,FAQ,2026-08-22,1731,1885,1823,355,Rs./Quintal
Gujarat,Ahmedabad,Dholka,Cereals,Jowar,White,FAQ,2026-08-22,2538,2798,2666,771,Rs./Quintal
Gujarat,Rajkot,Rajkot,Cereals,Wheat,Dara,FAQ,2026-08-22,2190,2362,2276,541,Rs./Quintal
Gujarat,Rajkot,Rajkot,Cereals,Bajra,Hybrid,FAQ,2026-08-22,1892,1985,1936,174,Rs./Quintal
Gujarat,Rajkot,Rajkot,Cereals,Maize,Yellow,FAQ,2026-08-22,1769,1898,1838,888,Rs./Quintal
Gujarat,Rajkot,Rajkot,Cereals,Jowar,White,FAQ,2026-08-22,2598,2718,2656,93,Rs./Quintal
Gujarat,Rajkot,Gondal,Cereals,Wheat,Dara,FAQ,2026-08-22,2191,2310,2252,502,Rs./Quintal
Gujarat,Rajkot,Gondal,Cereals,Jowar,White,FAQ,2026-08-22,2568,2734,2666,762,Rs./Quintal
Gujarat,Surat,Surat,Cereals,Wheat,Dara,FAQ,2026-08-22,2113,2378,2262,295,Rs./Quintal
Gujarat,Surat,Surat,Cereals,Bajra,Hybrid,FAQ,2026-08-22,1885,2017,1945,703,Rs./Quintal
Gujarat,Surat,Surat,Cereals,Maize,Yellow,FAQ,2026-08-22,1712,1902,1808,784,Rs./Quintal
Gujarat,Surat,Surat,Cereals,Jowar,White,FAQ,2026-08-22,2587,2798,2680,55,Rs./Quintal
Gujarat,Vadodara,Vadodara,Cereals,Maize,Yellow,FAQ,2026-08-22,1783,1910,1856,716,Rs./Quintal
Gujarat,Vadodara,Vadodara,Cereals,Jowar,White,FAQ,2026-08-22,2536,2741,2636,711,Rs./Quintal
Gujarat,Anand,Anand,Cereals,Wheat,Dara,FAQ,2026-08-23,2198,2311,2270,287,Rs./Quintal
Gujarat,Anand,Anand,Cereals,Bajra,Hybrid,FAQ,2026-08-23,1892,1954,1914,477,Rs./Quintal
Gujarat,Anand,Anand,Cereals,Jowar,White,FAQ,2026-08-23,2504,2750,2638,240,Rs./Quintal
Gujarat,Ahmedabad,Ahmedabad,Cereals,Wheat,Dara,FAQ,2026-08-23,2172,2377,2260,393,Rs./Quintal
Gujarat,Ahmedabad,Ahmedabad,Cereals,Bajra,Hybrid,FAQ,2026-08-23,1882,2019,1963,555,Rs./Quintal
Gujarat,Ahmedabad,Ahmedabad,Cereals,Jowar,White,FAQ,2026-08-23,2564,2759,2658,247,Rs./Quintal
Gujarat,Ahmedabad,Dholka,Cereals,Bajra,Hybrid,FAQ,2026-08-23,1893,2008,1946,785,Rs./Quintal
Gujarat,Ahmedabad,Dholka,Cereals,Maize,Yellow,FAQ,2026-08-23,1794,1893,1841,631,Rs./Quintal
Gujarat,Rajkot,Rajkot,Cereals,Wheat,Dara,FAQ,2026-08-23,2178,2381,2284,896,Rs./Quintal
Gujarat,Rajkot,Rajkot,Cereals,Bajra,Hybrid,FAQ,2026-08-23,1841,1961,1906,735,Rs./Quintal
Gujarat,Rajkot,Rajkot,Cereals,Maize,Yellow,FAQ,2026-08-23,1717,1911,1814,304,Rs./Quintal
Gujarat,Rajkot,Rajkot,Cereals,Jowar,White,FAQ,2026-08-23,2549,2730,2647,821,Rs./Quintal
Gujarat,Rajkot,Gondal,Cereals,Wheat,Dara,FAQ,2026-08-23,2142,2338,2257,790,Rs./Quintal
Gujarat,Rajkot,Gondal,Cereals,Bajra,Hybrid,FAQ,2026-08-23,1833,2033,1936,759,Rs./Quintal
Gujarat,Rajkot,Gondal,Cereals,Maize,Yellow,FAQ,2026-08-23,1785,1865,1834,364,Rs./Quintal
Gujarat,Rajkot,Gondal,Cereals,Jowar,White,FAQ,2026-08-23,2587,2764,2674,756,Rs./Quintal
Gujarat,Surat,Surat,Cereals,Wheat,Dara,FAQ,2026-08-23,2137,2347,2261,276,Rs./Quintal
Gujarat,Surat,Surat,Cereals,Bajra,Hybrid,FAQ,2026-08-23,1817,2011,1903,515,Rs./Quintal
Gujarat,Vadodara,Vadodara,Cereals,Wheat,Dara,FAQ,2026-08-23,2170,2360,2279,871,Rs./Quintal
Gujarat,Vadodara,Vadodara,Cereals,Maize,Yellow,FAQ,2026-08-23,1731,1937,1852,856,Rs./Quintal
Gujarat,Vadodara,Vadodara,Cereals,Jowar,White,FAQ,2026-08-23,2557,2767,2665,129,Rs./Quintal
Gujarat,Anand,Anand,Cereals,Bajra,Hybrid,FAQ,2026-08-24,1870,2014,1934,636,Rs./Quintal
Gujarat,Anand,Anand,Cereals,Maize,Yellow,FAQ,2026-08-24,1721,1891,1819,502,Rs./Quintal
Gujarat,Anand,Anand,Cereals,Jowar,White,FAQ,2026-08-24,2526,2791,2675,550,Rs./Quintal
Gujarat,Anand,Borsad,Cereals,Wheat,Dara,FAQ,2026-08-24,2165,2357,2244,514,Rs./Quintal
Gujarat,Anand,Borsad,Cereals,Bajra,Hybrid,FAQ,2026-08-24,1853,2008,1946,109,Rs./Quintal
Gujarat,Anand,Borsad,Cereals,Maize,Yellow,FAQ,2026-08-24,1786,1889,1818,455,Rs./Quintal
Gujarat,Anand,Borsad,Cereals,Jowar,White,FAQ,2026-08-24,2500,2795,2640,642,Rs./Quintal
Gujarat,Ahmedabad,Ahmedabad,Cereals,Wheat,Dara,FAQ,2026-08-24,2154,2344,2233,604,Rs./Quintal
Gujarat,Ahmedabad,Ahmedabad,Cereals,Jowar,White,FAQ,2026-08-24,2560,2704,2630,468,Rs./Quintal
Gujarat,Ahmedabad,Dholka,Cereals,Wheat,Dara,FAQ,2026-08-24,2117,2398,2263,433,Rs./Quintal
Gujarat,Ahmedabad,Dholka,Cereals,Maize,Yellow,FAQ,2026-08-24,1748,1898,1808,749,Rs./Quintal
Gujarat,Rajkot,Rajkot,Cereals,Bajra,Hybrid,FAQ,2026-08-24,1844,1965,1895,600,Rs./Quintal
Gujarat,Rajkot,Rajkot,Cereals,Maize,Yellow,FAQ,2026-08-24,1716,1943,1823,53,Rs./Quintal
Gujarat,Rajkot,Gondal,Cereals,Bajra,Hybrid,FAQ,2026-08-24,1892,2019,1962,594,Rs./Quintal
Gujarat,Rajkot,Gondal,Cereals,Maize,Yellow,FAQ,2026-08-24,1729,1881,1814,404,Rs./Quintal
Gujarat,Rajkot,Gondal,Cereals,Jowar,White,FAQ,2026-08-24,2524,2792,2645,82,Rs./Quintal
Gujarat,Surat,Surat,Cereals,Bajra,Hybrid,FAQ,2026-08-24,1898,1952,1920,261,Rs./Quintal
Gujarat,Surat,Surat,Cereals,Maize,Yellow,FAQ,2026-08-24,1776,1854,1823,662,Rs./Quintal
Gujarat,Vadodara,Vadodara,Cereals,Bajra,Hybrid,FAQ,2026-08-24,1805,2001,1911,289,Rs./Quintal
Gujarat,Vadodara,Vadodara,Cereals,Maize,Yellow,FAQ,2026-08-24,1796,1949,1855,193,Rs./Quintal
Gujarat,Vadodara,Vadodara,Cereals,Jowar,White,FAQ,2026-08-24,2537,2729,2649,376,Rs./Quintal
Gujarat,Anand,Anand,Cereals,Wheat,Dara,FAQ,2026-08-25,2198,2386,2292,292,Rs./Quintal
Gujarat,Anand,Anand,Cereals,Bajra,Hybrid,FAQ,2026-08-25,1818,2034,1939,276,Rs./Quintal
Gujarat,Anand,Anand,Cereals,Maize,Yellow,FAQ,2026-08-25,1735,1857,1811,655,Rs./Quintal
Gujarat,Anand,Borsad,Cereals,Maize,Yellow,FAQ,2026-08-25,1763,1856,1811,708,Rs./Quintal
Gujarat,Ahmedabad,Ahmedabad,Cereals,Bajra,Hybrid,FAQ,2026-08-25,1853,2002,1916,357,Rs./Quintal
Gujarat,Ahmedabad,Ahmedabad,Cereals,Maize,Yellow,FAQ,2026-08-25,1796,1918,1867,296,Rs./Quintal
Gujarat,Ahmedabad,Dholka,Cereals,Wheat,Dara,FAQ,2026-08-25,2190,2318,2263,109,Rs./Quintal
Gujarat,Ahmedabad,Dholka,Cereals,Bajra,Hybrid,FAQ,2026-08-25,1853,2021,1950,187,Rs./Quintal
Gujarat,Ahmedabad,Dholka,Cereals,Maize,Yellow,FAQ,2026-08-25,1732,1876,1805,712,Rs./Quintal
Gujarat,Ahmedabad,Dholka,Cereals,Jowar,White,FAQ,2026-08-25,2557,2747,2637,598,Rs./Quintal
Gujarat,Rajkot,Rajkot,Cereals,Bajra,Hybrid,FAQ,2026-08-25,1834,1998,1934,667,Rs./Quintal
Gujarat,Rajkot,Rajkot,Cereals,Maize,Yellow,FAQ,2026-08-25,1709,1874,1808,791,Rs./Quintal
Gujarat,Rajkot,Gondal,Cereals,Wheat,Dara,FAQ,2026-08-25,2126,2342,2233,65,Rs./Quintal
Gujarat,Rajkot,Gondal,Cereals,Bajra,Hybrid,FAQ,2026-08-25,1824,2044,1921,814,Rs./Quintal
Gujarat,Rajkot,Gondal,Cereals,Jowar,White,FAQ,2026-08-25,2531,2789,2678,770,Rs./Quintal
Gujarat,Surat,Surat,Cereals,Wheat,Dara,FAQ,2026-08-25,2130,2370,2250,844,Rs./Quintal
Gujarat,Surat,Surat,Cereals,Bajra,Hybrid,FAQ,2026-08-25,1859,2018,1940,365,Rs./Quintal
Gujarat,Surat,Surat,Cereals,Maize,Yellow,FAQ,2026-08-25,1765,1913,1848,150,Rs./Quintal
Gujarat,Vadodara,Vadodara,Cereals,Maize,Yellow,FAQ,2026-08-25,1726,1897,1811,473,Rs./Quintal
Gujarat,Vadodara,Vadodara,Cereals,Jowar,White,FAQ,2026-08-25,2528,2794,2650,66,Rs./Quintal
Gujarat,Anand,Anand,Cereals,Wheat,Dara,FAQ,2026-08-26,2174,2374,2280,352,Rs./Quintal
Gujarat,Anand,Anand,Cereals,Bajra,Hybrid,FAQ,2026-08-26,1842,1979,1914,633,Rs./Quintal
Gujarat,Anand,Anand,Cereals,Jowar,White,FAQ,2026-08-26,2583,2787,2686,313,Rs./Quintal
Gujarat,Anand,Borsad,Cereals,Bajra,Hybrid,FAQ,2026-08-26,1892,2032,1973,521,Rs./Quintal
Gujarat,Anand,Borsad,Cereals,Maize,Yellow,FAQ,2026-08-26,1745,1871,1796,787,Rs./Quintal
Gujarat,Anand,Borsad,Cereals,Jowar,White,FAQ,2026-08-26,2523,2769,2629,586,Rs./Quintal
Gujarat,Ahmedabad,Ahmedabad,Cereals,Wheat,Dara,FAQ,2026-08-26,2109,2385,2230,832,Rs./Quintal
Gujarat,Ahmedabad,Ahmedabad,Cereals,Bajra,Hybrid,FAQ,2026-08-26,1817,2030,1917,119,Rs./Quintal
Gujarat,Ahmedabad,Ahmedabad,Cereals,Jowar,White,FAQ,2026-08-26,2564,2758,2664,111,Rs./Quintal
Gujarat,Ahmedabad,Dholka,Cereals,Jowar,White,FAQ,2026-08-26,2562,2702,2612,594,Rs./Quintal
Gujarat,Rajkot,Rajkot,Cereals,Wheat,Dara,FAQ,2026-08-26,2101,2302,2214,789,Rs./Quintal
Gujarat,Rajkot,Rajkot,Cereals,Bajra,Hybrid,FAQ,2026-08-26,1836,1952,1906,882,Rs./Quintal
Gujarat,Rajkot,Rajkot,Cereals,Jowar,White,FAQ,2026-08-26,2522,2713,2603,586,Rs./Quintal
Gujarat,Rajkot,Gondal,Cereals,Wheat,Dara,FAQ,2026-08-26,2124,2379,2264,308,Rs./Quintal
Gujarat,Rajkot,Gondal,Cereals,Maize,Yellow,FAQ,2026-08-26,1750,1860,1808,465,Rs./Quintal
Gujarat,Rajkot,Gondal,Cereals,Jowar,White,FAQ,2026-08-26,2531,2789,2654,357,Rs./Quintal
Gujarat,Vadodara,Vadodara,Cereals,Bajra,Hybrid,FAQ,2026-08-26,1848,1998,1938,537,Rs./Quintal
Gujarat,Vadodara,Vadodara,Cereals,Maize,Yellow,FAQ,2026-08-26,1701,1939,1810,134,Rs./Quintal
Gujarat,Vadodara,Vadodara,Cereals,Jowar,White,FAQ,2026-08-26,2555,2782,2669,629,Rs./Quintal
Gujarat,Anand,Borsad,Cereals,Wheat,Dara,FAQ,2026-08-27,2188,2372,2290,327,Rs./Quintal
Gujarat,Anand,Borsad,Cereals,Bajra,Hybrid,FAQ,2026-08-27,1809,2037,1920,606,Rs./Quintal
Gujarat,Anand,Borsad,Cereals,Maize,Yellow,FAQ,2026-08-27,1704,1872,1788,66,Rs./Quintal
Gujarat,Ahmedabad,Ahmedabad,Cereals,Wheat,Dara,FAQ,2026-08-27,2196,2391,2298,128,Rs./Quintal
Gujarat,Ahmedabad,Ahmedabad,Cereals,Bajra,Hybrid,FAQ,2026-08-27,1872,1980,1942,448,Rs./Quintal
Gujarat,Ahmedabad,Ahmedabad,Cereals,Jowar,White,FAQ,2026-08-27,2549,2796,2660,859,Rs./Quintal
Gujarat,Ahmedabad,Dholka,Cereals,Maize,Yellow,FAQ,2026-08-27,1744,1856,1786,497,Rs./Quintal
Gujarat,Ahmedabad,Dholka,Cereals,Jowar,White,FAQ,2026-08-27,2509,2743,2644,837,Rs./Quintal
Gujarat,Rajkot,Rajkot,Cereals,Bajra,Hybrid,FAQ,2026-08-27,1899,1991,1926,699,Rs./Quintal
Gujarat,Rajkot,Rajkot,Cereals,Maize,Yellow,FAQ,2026-08-27,1757,1912,1828,414,Rs./Quintal
Gujarat,Rajkot,Rajkot,Cereals,Jowar,White,FAQ,2026-08-27,2548,2755,2642,746,Rs./Quintal
Gujarat,Rajkot,Gondal,Cereals,Wheat,Dara,FAQ,2026-08-27,2148,2310,2248,352,Rs./Quintal
Gujarat,Rajkot,Gondal,Cereals,Jowar,White,FAQ,2026-08-27,2519,2748,2653,207,Rs./Quintal
Gujarat,Surat,Surat,Cereals,Bajra,Hybrid,FAQ,2026-08-27,1813,1961,1867,365,Rs./Quintal
Gujarat,Surat,Surat,Cereals,Maize,Yellow,FAQ,2026-08-27,1797,1884,1826,185,Rs./Quintal
Gujarat,Surat,Surat,Cereals,Jowar,White,FAQ,2026-08-27,2555,2757,2671,618,Rs./Quintal
Gujarat,Vadodara,Vadodara,Cereals,Wheat,Dara,FAQ,2026-08-27,2113,2303,2193,412,Rs./Quintal
Gujarat,Vadodara,Vadodara,Cereals,Bajra,Hybrid,FAQ,2026-08-27,1876,2026,1951,444,Rs./Quintal
Gujarat,Vadodara,Vadodara,Cereals,Maize,Yellow,FAQ,2026-08-27,1752,1899,1810,792,Rs./Quintal
Gujarat,Anand,Anand,Cereals,Maize,Yellow,FAQ,2026-08-28,1721,1937,1833,223,Rs./Quintal
Gujarat,Anand,Anand,Cereals,Jowar,White,FAQ,2026-08-28,2538,2734,2647,199,Rs./Quintal
Gujarat,Anand,Borsad,Cereals,Wheat,Dara,FAQ,2026-08-28,2155,2335,2251,356,Rs./Quintal
Gujarat,Anand,Borsad,Cereals,Bajra,Hybrid,FAQ,2026-08-28,1809,1996,1898,302,Rs./Quintal
Gujarat,Anand,Borsad,Cereals,Jowar,White,FAQ,2026-08-28,2578,2725,2660,159,Rs./Quintal
Gujarat,Ahmedabad,Ahmedabad,Cereals,Wheat,Dara,FAQ,2026-08-28,2100,2350,2226,685,Rs./Quintal
Gujarat,Ahmedabad,Ahmedabad,Cereals,Bajra,Hybrid,FAQ,2026-08-28,1842,2006,1925,490,Rs./Quintal
Gujarat,Ahmedabad,Dholka,Cereals,Bajra,Hybrid,FAQ,2026-08-28,1841,2027,1926,540,Rs./Quintal
Gujarat,Ahmedabad,Dholka,Cereals,Maize,Yellow,FAQ,2026-08-28,1750,1890,1818,802,Rs./Quintal
Gujarat,Rajkot,Rajkot,Cereals,Wheat,Dara,FAQ,2026-08-28,2173,2400,2281,383,Rs./Quintal
Gujarat,Rajkot,Rajkot,Cereals,Bajra,Hybrid,FAQ,2026-08-28,1900,2000,1953,166,Rs./Quintal
Gujarat,Rajkot,Rajkot,Cereals,Jowar,White,FAQ,2026-08-28,2569,2723,2661,77,Rs./Quintal
Gujarat,Rajkot,Gondal,Cereals,Bajra,Hybrid,FAQ,2026-08-28,1890,1976,1941,866,Rs./Quintal
Gujarat,Rajkot,Gondal,Cereals,Maize,Yellow,FAQ,2026-08-28,1788,1858,1829,739,Rs./Quintal
Gujarat,Rajkot,Gondal,Cereals,Jowar,White,FAQ,2026-08-28,2581,2738,2654,308,Rs./Quintal
Gujarat,Surat,Surat,Cereals,Jowar,White,FAQ,2026-08-28,2576,2761,2685,460,Rs./Quintal
Gujarat,Vadodara,Vadodara,Cereals,Wheat,Dara,FAQ,2026-08-28,2188,2353,2284,87,Rs./Quintal
Gujarat,Vadodara,Vadodara,Cereals,Maize,Yellow,FAQ,2026-08-28,1768,1926,1867,137,Rs./Quintal
Gujarat,Vadodara,Vadodara,Cereals,Jowar,White,FAQ,2026-08-28,2531,2784,2659,220,Rs./Quintal
Gujarat,Anand,Anand,Cereals,Bajra,Hybrid,FAQ,2026-08-29,1882,2036,1964,820,Rs./Quintal
Gujarat,Anand,Anand,Cereals,Maize,Yellow,FAQ,2026-08-29,1755,1863,1789,150,Rs./Quintal
Gujarat,Anand,Anand,Cereals,Jowar,White,FAQ,2026-08-29,2565,2795,2693,621,Rs./Quintal
Gujarat,Anand,Borsad,Cereals,Wheat,Dara,FAQ,2026-08-29,2173,2328,2258,433,Rs./Quintal
Gujarat,Anand,Borsad,Cereals,Bajra,Hybrid,FAQ,2026-08-29,1898,2036,1984,757,Rs./Quintal
Gujarat,Anand,Borsad,Cereals,Maize,Yellow,FAQ,2026-08-29,1744,1853,1808,157,Rs./Quintal
Gujarat,Anand,Borsad,Cereals,Jowar,White,FAQ,2026-08-29,2510,2714,2601,406,Rs./Quintal
Gujarat,Ahmedabad,Ahmedabad,Cereals,Wheat,Dara,FAQ,2026-08-29,2158,2400,2272,583,Rs./Quintal
Gujarat,Ahmedabad,Ahmedabad,Cereals,Bajra,Hybrid,FAQ,2026-08-29,1860,1962,1919,789,Rs./Quintal
Gujarat,Ahmedabad,Ahmedabad,Cereals,Jowar,White,FAQ,2026-08-29,2538,2705,2608,73,Rs./Quintal
Gujarat,Ahmedabad,Dholka,Cereals,Jowar,White,FAQ,2026-08-29,2594,2731,2675,228,Rs./Quintal
Gujarat,Rajkot,Rajkot,Cereals,Wheat,Dara,FAQ,2026-08-29,2142,2371,2263,523,Rs./Quintal
Gujarat,Rajkot,Rajkot,Cereals,Bajra,Hybrid,FAQ,2026-08-29,1851,2030,1931,240,Rs./Quintal
Gujarat,Rajkot,Rajkot,Cereals,Jowar,White,FAQ,2026-08-29,2503,2794,2667,252,Rs./Quintal
Gujarat,Rajkot,Gondal,Cereals,Wheat,Dara,FAQ,2026-08-29,2154,2349,2231,771,Rs./Quintal
Gujarat,Rajkot,Gondal,Cereals,Bajra,Hybrid,FAQ,2026-08-29,1835,2046,1924,641,Rs./Quintal
Gujarat,Rajkot,Gondal,Cereals,Maize,Yellow,FAQ,2026-08-29,1768,1873,1823,383,Rs./Quintal
Gujarat,Rajkot,Gondal,Cereals,Jowar,White,FAQ,2026-08-29,2514,2733,2634,590,Rs./Quintal
Gujarat,Surat,Surat,Cereals,Bajra,Hybrid,FAQ,2026-08-29,1849,2028,1943,651,Rs./Quintal
Gujarat,Surat,Surat,Cereals,Maize,Yellow,FAQ,2026-08-29,1745,1908,1845,226,Rs./Quintal
Gujarat,Vadodara,Vadodara,Cereals,Bajra,Hybrid,FAQ,2026-08-29,1878,2025,1936,738,Rs./Quintal
Gujarat,Vadodara,Vadodara,Cereals,Maize,Yellow,FAQ,2026-08-29,1715,1880,1796,169,Rs./Quintal
Gujarat,Vadodara,Vadodara,Cereals,Jowar,White,FAQ,2026-08-29,2588,2718,2665,447,Rs./Quintal
Gujarat,Anand,Anand,Cereals,Wheat,Dara,FAQ,2026-08-30,2117,2373,2249,483,Rs./Quintal
Gujarat,Anand,Anand,Cereals,Bajra,Hybrid,FAQ,2026-08-30,1881,2018,1940,618,Rs./Quintal
Gujarat,Anand,Anand,Cereals,Maize,Yellow,FAQ,2026-08-30,1736,1867,1792,372,Rs./Quintal
Gujarat,Anand,Borsad,Cereals,Jowar,White,FAQ,2026-08-30,2524,2749,2651,567,Rs./Quintal
Gujarat,Ahmedabad,Ahmedabad,Cereals,Bajra,Hybrid,FAQ,2026-08-30,1862,2003,1940,550,Rs./Quintal
Gujarat,Ahmedabad,Ahmedabad,Cereals,Maize,Yellow,FAQ,2026-08-30,1772,1853,1806,349,Rs./Quintal
Gujarat,Ahmedabad,Ahmedabad,Cereals,Jowar,White,FAQ,2026-08-30,2528,2768,2646,222,Rs./Quintal
Gujarat,Ahmedabad,Dholka,Cereals,Bajra,Hybrid,FAQ,2026-08-30,1898,2048,1984,612,Rs./Quintal
Gujarat,Ahmedabad,Dholka,Cereals,Maize,Yellow,FAQ,2026-08-30,1773,1864,1815,843,Rs./Quintal
Gujarat,Ahmedabad,Dholka,Cereals,Jowar,White,FAQ,2026-08-30,2546,2769,2639,828,Rs./Quintal
Gujarat,Rajkot,Rajkot,Cereals,Bajra,Hybrid,FAQ,2026-08-30,1854,1963,1903,354,Rs./Quintal
Gujarat,Rajkot,Rajkot,Cereals,Jowar,White,FAQ,2026-08-30,2533,2744,2623,499,Rs./Quintal
Gujarat,Rajkot,Gondal,Cereals,Bajra,Hybrid,FAQ,2026-08-30,1830,1976,1920,755,Rs./Quintal
Gujarat,Rajkot,Gondal,Cereals,Maize,Yellow,FAQ,2026-08-30,1790,1928,1879,488,Rs./Quintal
Gujarat,Rajkot,Gondal,Cereals,Jowar,White,FAQ,2026-08-30,2517,2800,2651,883,Rs./Quintal
Gujarat,Surat,Surat,Cereals,Wheat,Dara,FAQ,2026-08-30,2107,2372,2241,595,Rs./Quintal
Gujarat,Surat,Surat,Cereals,Bajra,Hybrid,FAQ,2026-08-30,1868,1971,1919,770,Rs./Quintal
Gujarat,Surat,Surat,Cereals,Maize,Yellow,FAQ,2026-08-30,1773,1884,1840,745,Rs./Quintal
Gujarat,Vadodara,Vadodara,Cereals,Wheat,Dara,FAQ,2026-08-30,2196,2400,2304,110,Rs./Quintal
Gujarat,Vadodara,Vadodara,Cereals,Jowar,White,FAQ,2026-08-30,2516,2731,2612,778,Rs./Quintal
Gujarat,Anand,Anand,Cereals,Wheat,Dara,FAQ,2026-08-31,2131,2397,2269,551,Rs./Quintal
Gujarat,Anand,Anand,Cereals,Bajra,Hybrid,FAQ,2026-08-31,1880,1984,1952,474,Rs./Quintal
Gujarat,Anand,Anand,Cereals,Maize,Yellow,FAQ,2026-08-31,1709,1931,1805,462,Rs./Quintal
Gujarat,Anand,Anand,Cereals,Jowar,White,FAQ,2026-08-31,2535,2788,2664,515,Rs./Quintal
Gujarat,Anand,Borsad,Cereals,Bajra,Hybrid,FAQ,2026-08-31,1800,2049,1909,798,Rs./Quintal
Gujarat,Ahmedabad,Ahmedabad,Cereals,Jowar,White,FAQ,2026-08-31,2554,2727,2651,324,Rs./Quintal
Gujarat,Ahmedabad,Dholka,Cereals,Wheat,Dara,FAQ,2026-08-31,2136,2343,2254,641,Rs./Quintal
Gujarat,Ahmedabad,Dholka,Cereals,Bajra,Hybrid,FAQ,2026-08-31,1862,2050,1957,748,Rs./Quintal
Gujarat,Ahmedabad,Dholka,Cereals,Jowar,White,FAQ,2026-08-31,2580,2800,2699,66,Rs./Quintal
Gujarat,Rajkot,Rajkot,Cereals,Wheat,Dara,FAQ,2026-08-31,2120,2356,2247,50,Rs./Quintal
Gujarat,Rajkot,Rajkot,Cereals,Maize,Yellow,FAQ,2026-08-31,1788,1866,1826,212,Rs./Quintal
Gujarat,Rajkot,Gondal,Cereals,Bajra,Hybrid,FAQ,2026-08-31,1846,1982,1899,430,Rs./Quintal
Gujarat,Surat,Surat,Cereals,Wheat,Dara,FAQ,2026-08-31,2180,2339,2253,489,Rs./Quintal
Gujarat,Surat,Surat,Cereals,Jowar,White,FAQ,2026-08-31,2561,2709,2623,657,Rs./Quintal
Gujarat,Vadodara,Vadodara,Cereals,Wheat,Dara,FAQ,2026-08-31,2187,2356,2251,58,Rs./Quintal
